plz,data-id
24239,8578820
24791,8578820
24340,8578820
24634,8578820
24358,8578820
24613,8578820
24806,8578820
24793,8578820
24360,8578820
25557,8578820
25557,8578820
25575,8578820
24582,8578820
24241,8578820
24220,8578820
24802,8578820
24582,8578820
24589,8578820
24794,8578820
25557,8578820
24796,8578820
24793,8578820
24796,8578820
24797,8578820
24811,8578820
24816,8578820
24398,8578820
24582,8578820
24782,8578820
24794,8578820
24799,8578820
24229,8578820
24589,8578820
24361,8578820
24351,8578820
24398,8578820
24340,8578820
24647,8578820
24589,8578820
24589,8578820
24800,8578820
24819,8578820
24802,8578820
24242,8578820
24244,8578820
24357,8578820
24220,8578820
24787,8578820
24799,8578820
24799,8578820
24340,8578820
24214,8578820
24622,8578820
25557,8578820
24594,8578820
24241,8578820
24582,8578820
24802,8578820
24361,8578820
24357,8578820
24819,8578820
24361,8578820
24805,8578820
24816,8578820
25557,8578820
24790,8578820
24594,8578820
24797,8578820
24582,8578820
24594,8578820
24806,8578820
24363,8578820
24361,8578820
24364,8578820
24358,8578820
24357,8578820
24594,8578820
24808,8578820
24398,8578820
24361,8578820
24799,8578820
24354,8578820
24644,8578820
24796,8578820
24631,8578820
24214,8578820
24806,8578820
24644,8578820
24366,8578820
25585,8578820
24816,8578820
24340,8578820
24594,8578820
24109,8578820
24247,8578820
24594,8578820
24113,8578820
24582,8578820
24625,8578820
24214,8578820
24794,8578820
24214,8578820
24819,8578820
24594,8578820
24214,8578820
24589,8578820
24809,8578820
25557,8578820
24793,8578820
24251,8578820
24790,8578820
24367,8578820
24783,8578820
25590,8578820
24107,8578820
24811,8578820
24634,8578820
24805,8578820
24107,8578820
24594,8578820
24790,8578820
24241,8578820
24594,8578820
24768,8578820
24782,8578820
24354,8578820
24247,8578820
24254,8578820
24783,8578820
24241,8578820
24214,8578820
24241,8578820
24582,8578820
24220,8578820
24790,8578820
24589,8578820
24813,8578820
24229,8578820
25557,8578820
24814,8578820
24241,8578820
24806,8578820
24816,8578820
25557,8578820
24229,8578820
25585,8578820
24594,8578820
24220,8578820
25557,8578820
24351,8578820
24644,8578820
24819,8578820
24214,8578820
24369,8578820
24594,8578820
24646,8578820
24647,8578820
24582,8578820
24259,8578820
24784,8578820
24340,8578820
24398,8578820
24358,8578820
24103,8580420
24161,8580420
24119,8580420
23552,8613620
23919,8613620
23919,8613620
23847,8613620
23847,8613620
23919,8613620
23847,8613620
23847,8613620
23860,8613620
23847,8613620
23628,8613620
23898,8613620
23628,8613620
23898,8613620
22959,8613620
23898,8613620
23919,8613620
23919,8613620
23898,8613620
23847,8613620
22929,8613620
23847,8613620
23847,8613620
23847,8613620
23898,8613620
23847,8613620
23847,8613620
23898,8613620
20038,8616080
20038,8607060
20038,8577060
20038,8578200
26897,8572260
26904,8572260
26897,8572260
26906,8572260
26892,8572260
26897,8572260
49762,8572260
49777,8572260
49733,8572260
26892,8572260
26897,8572260
49751,8572260
49777,8572260
26892,8572260
49757,8572260
49762,8572260
26892,8572260
26901,8572260
26909,8572260
26909,8572260
49779,8572260
49779,8572260
26871,8572260
26901,8572260
49762,8572260
26899,8572260
49751,8572260
49751,8572260
49777,8572260
26903,8572260
49762,8572260
49767,8572260
49757,8572260
26907,8572260
49757,8572260
49751,8572260
26892,8572260
26757,8572260
26835,8572260
26847,8572260
26849,8572260
26835,8572260
26835,8572260
26835,8572260
26844,8572260
26789,8572260
26802,8572260
26835,8572260
26845,8572260
26842,8572260
26817,8572260
26835,8572260
26670,8572260
26826,8572260
26810,8572260
26831,8572260
0,8572260
49832,8580740
49844,8580740
49832,8580740
49770,8580740
48488,8580740
49832,8580740
49744,8580740
49838,8580740
49838,8580740
49740,8580740
49770,8580740
49774,8580740
49838,8580740
49838,8580740
49808,8580740
48480,8580740
49716,8580740
49832,8580740
48499,8580740
48480,8580740
48480,8580740
49832,8580740
49838,8580740
48455,8580740
49824,8580740
48465,8580740
49828,8580740
49828,8580740
49843,8580740
49843,8580740
49843,8580740
49846,8580740
48465,8580740
49847,8580740
49824,8580740
49828,8580740
49828,8580740
48529,8580740
48465,8580740
49828,8580740
48465,8580740
49824,8580740
48465,8580740
49843,8580740
49847,8580740
49835,8580740
49849,8580740
48465,8580740
21279,8580160
21271,8580160
21227,8580160
21438,8580160
21244,8580160
21255,8580160
21423,8580160
21279,8580160
21272,8580160
21376,8580160
21376,8580160
21441,8580160
21376,8580160
21646,8580160
21256,8580160
21271,8580160
21228,8580160
21258,8580160
21279,8580160
21266,8580160
21255,8580160
21255,8580160
21436,8580160
21439,8580160
21647,8580160
21629,8580160
21259,8580160
21649,8580160
21224,8580160
21376,8580160
21218,8580160
21435,8580160
21395,8580160
21442,8580160
21255,8580160
21274,8580160
21444,8580160
21261,8580160
21279,8580160
21423,8580160
21255,8580160
21445,8580160
49074,8608820
49191,8608820
49124,8608820
49170,8608820
49205,8608820
49134,8608820
30159,8573160
31303,8608840
30938,8608840
30823,8608840
30916,8608840
30853,8608840
31535,8608840
30900,8608840
31515,8608840
31061,8581480
31191,8581480
31162,8581480
31167,8581480
31199,8581480
31036,8581480
31008,8581480
31180,8581480
31177,8581480
31134,8581480
31188,8581480
31171,8581480
31157,8581480
31174,8581480
31185,8581480
31089,8581480
31084,8581480
31028,8581480
31195,8581480
31079,8581480
28195,8579040
6493,8571800
38889,8571800
6484,8571800
6463,8571800
38822,8571800
38820,8571800
38829,8571800
6493,8571800
6458,8571800
38838,8571800
38871,8571800
38871,8571800
38875,8571800
38835,8571800
6484,8571800
39397,8571800
6458,8571800
6502,8571800
38828,8571800
38855,8571800
6449,8571800
6469,8571800
39104,8613140
39249,8613140
39221,8613140
39240,8613140
39218,8613140
10178,8605100
10178,8573340
10178,8574300
10178,8604140
10178,8604160
10178,8615020
10178,8615240
52062,8576240
52477,8577520
52499,8577520
52249,8577520
52134,8577520
52156,8577520
52159,8577520
52152,8577520
52222,8577520
52146,8577520
41812,8578180
52538,8578180
52511,8578180
52525,8578180
41836,8578180
52538,8578180
52531,8578180
52525,8578180
41849,8578180
41844,8578180
52457,8579240
52349,8579240
52396,8579240
52393,8579240
52459,8579240
52428,8579240
52372,8579240
52379,8579240
52441,8579240
52399,8579240
52385,8579240
52382,8579240
52388,8579240
52445,8579240
52391,8579240
50667,8610280
50667,8576640
53111,8609260
53783,8581920
53773,8581920
53797,8581920
53804,8581920
53819,8581920
53859,8581920
53809,8581920
53721,8581920
53840,8581920
51570,8581920
42275,8576480
42853,8574080
42651,8574080
42275,8574080
42579,8571080
40878,8571080
42551,8571080
42489,8571080
40213,8575100
40213,8579000
41539,8573360
41515,8573360
41460,8573360
41569,8573360
47551,8578920
46446,8578920
47608,8578920
47574,8578920
47661,8578920
47546,8578920
47647,8578920
47623,8578920
47533,8578920
47559,8578920
46459,8578920
47509,8578920
47638,8578920
47589,8578920
47669,8578920
47652,8578920
46519,8619160
46499,8619160
46569,8619160
47475,8619160
47495,8619160
46514,8619160
47665,8619160
46562,8619160
46483,8619160
46509,8619160
47051,8571200
45127,8574400
45127,8574320
44575,8579800
45657,8579800
45731,8579800
45711,8610980
45721,8610980
45699,8610980
45768,8610980
45739,8610980
45879,8580960
46395,8615380
46325,8615380
48712,8615380
46359,8615380
46419,8615380
46348,8615380
48734,8615380
46414,8615380
48703,8615380
46354,8615380
46342,8615380
48691,8615380
48282,8575440
48268,8575440
48477,8575440
48496,8575440
49477,8575440
49549,8575440
49525,8575440
49536,8575440
49504,8575440
49497,8575440
49509,8575440
48369,8575440
49545,8575440
49492,8575440
48127,8575580
59227,8619280
59269,8619280
48361,8619280
48317,8619280
59320,8619280
48351,8619280
59302,8619280
48346,8619280
48336,8619280
48324,8619280
48291,8619280
59329,8619280
48231,8619280
33829,8572120
33330,8572120
33790,8572120
33428,8572120
33442,8572120
33449,8572120
33378,8572120
33397,8572120
33803,8572120
33415,8572120
33775,8572120
32105,8610880
32683,8610880
32825,8610880
32756,8610880
32694,8610880
32699,8610880
32689,8610880
32791,8610880
32657,8610880
33818,8610880
33813,8610880
45525,8609980
58313,8609980
45549,8609980
58300,8609980
58452,8609980
44135,8611180
44135,8578640
59192,8633120
59199,8633120
58730,8633120
59439,8633120
59174,8633120
58239,8633120
59423,8633120
59609,8580940
59505,8580940
59469,8580940
59597,8580940
59590,8580940
59510,8580940
59555,8580940
59519,8580940
59602,8580940
59494,8580940
59581,8580940
59514,8580940
59457,8580940
58739,8580940
59759,8616480
59909,8616480
59929,8616480
59889,8616480
59969,8616480
34431,8616480
59964,8616480
59872,8616480
59939,8616480
57392,8616480
59846,8616480
59955,8616480
57319,8575700
57299,8575700
57339,8575700
57258,8575700
57271,8575700
57223,8575700
57334,8575700
57250,8575700
57290,8575700
57072,8575700
57234,8575700
58762,8582100
58802,8582100
58675,8582100
58636,8582100
58706,8582100
58769,8582100
58809,8582100
58840,8582100
58791,8582100
4109,8576940
4109,8578580
8626,8577460
8209,8577460
8648,8577460
8645,8577460
8239,8577460
8606,8577460
8626,8577460
8236,8577460
7985,8577460
8223,8577460
8223,8577460
8468,8577460
8248,8577460
8485,8577460
8491,8577460
8258,8577460
8261,8577460
8262,8577460
8491,8577460
8541,8577460
8496,8577460
8223,8577460
8606,8577460
7952,8577460
8523,8577460
8543,8577460
8468,8577460
8228,8577460
8539,8577460
8261,8577460
8237,8577460
8541,8577460
8606,8577460
8233,8577460
8606,8577460
8538,8577460
8223,8577460
34385,8572440
34225,8572440
34479,8572440
34379,8572440
34308,8572440
34393,8572440
34317,8572440
34369,8572440
34376,8572440
34396,8572440
34311,8572440
34359,8572440
34270,8572440
34388,8572440
34466,8572440
34289,8572440
34399,8572440
0,8572440
34454,8572440
34537,8572440
34519,8572440
34474,8572440
34549,8572440
34497,8572440
35104,8572440
34477,8572440
34471,8572440
34513,8572440
34508,8572440
34117,8573840
34292,8573840
34314,8573840
34277,8573840
34233,8573840
34298,8573840
34260,8573840
34253,8573840
34329,8573840
34266,8573840
34320,8573840
34246,8573840
35287,8571320
35719,8571320
35080,8571320
35216,8571320
35236,8571320
35091,8571320
35232,8571320
35085,8571320
35112,8571320
35075,8571320
35274,8571320
35094,8571320
35102,8571320
35037,8571320
35117,8571320
35279,8571320
35282,8571320
35260,8571320
35239,8571320
35096,8571320
35083,8571320
35288,8571320
35469,8606480
35418,8606480
35463,8606480
35390,8606480
35305,8606480
35452,8606480
35410,8606480
35428,8606480
35321,8606480
35423,8606480
35440,8606480
35457,8606480
35415,8606480
35466,8606480
35447,8606480
35460,8606480
36304,8606480
36326,8606480
36325,8606480
35329,8606480
35315,8606480
36320,8606480
35325,8606480
36329,8606480
61343,8575920
61381,8575920
61479,8575920
61279,8575920
61267,8575920
61440,8575920
61389,8575920
61250,8575920
61273,8575920
61276,8575920
65614,8575920
35792,8575920
35794,8575920
35799,8575920
65594,8575920
65606,8575920
35781,8575920
35789,8575920
35796,8575920
61231,8606260
61118,8606260
35510,8606260
61209,8606260
61197,8606260
61169,8606260
61184,8606260
35516,8606260
63667,8606260
61194,8606260
61239,8606260
63691,8606260
61203,8606260
35519,8606260
61191,8606260
61200,8606260
61206,8606260
65183,8575120
63486,8616100
63526,8616100
63538,8616100
63546,8616100
63450,8616100
63594,8616100
63505,8616100
63477,8616100
63543,8616100
61130,8616100
61138,8616100
63517,8616100
63549,8616100
61137,8616100
61462,8571020
61476,8571020
61449,8571020
65812,8571020
65817,8571020
65760,8571020
65439,8571020
65795,8571020
65239,8571020
65719,8571020
65779,8571020
65830,8571020
65835,8571020
65824,8571020
65843,8571020
60311,8615600
60311,8578140
64584,8606760
65474,8606760
64572,8606760
64579,8606760
65462,8606760
64521,8606760
65451,8606760
64546,8606760
64569,8606760
65479,8606760
64560,8606760
65428,8606760
64589,8606760
65468,8606760
63065,8580500
63128,8580500
63303,8580500
63329,8580500
63150,8580500
63225,8580500
63165,8580500
63263,8580500
63179,8580500
64283,8606440
64665,8606440
64404,8606440
64859,8606440
64390,8606440
64347,8606440
64409,8606440
64397,8606440
64367,8606440
64839,8606440
64372,8606440
64319,8606440
64380,8606440
64342,8606440
64331,8606440
57610,8579300
57518,8579300
57610,8579300
57632,8579300
57518,8579300
57589,8579300
57587,8579300
57612,8579300
57539,8579300
57537,8579300
57555,8579300
57577,8579300
57577,8579300
56593,8579300
57632,8579300
57612,8579300
57567,8579300
57520,8579300
57520,8579300
57612,8579300
57632,8579300
57580,8579300
57578,8579300
57520,8579300
57635,8579300
57539,8579300
57632,8579300
57580,8579300
57635,8579300
57632,8579300
57614,8579300
57537,8579300
57635,8579300
57520,8579300
57548,8579300
57539,8579300
57580,8579300
57610,8579300
57632,8579300
57520,8579300
56593,8579300
57577,8579300
57572,8579300
57635,8579300
57612,8579300
57612,8579300
57612,8579300
57562,8579300
57612,8579300
57612,8579300
57635,8579300
57537,8579300
56593,8579300
57612,8579300
57610,8579300
57612,8579300
57520,8579300
57632,8579300
57612,8579300
57635,8579300
57548,8579300
57635,8579300
56593,8579300
57629,8579300
57636,8579300
57520,8579300
57635,8579300
57610,8579300
57520,8579300
57555,8579300
57583,8579300
57638,8579300
57520,8579300
57572,8579300
57589,8579300
56593,8579300
56472,8579300
57581,8579300
57612,8579300
57635,8579300
57641,8579300
57638,8579300
56593,8579300
57614,8579300
57610,8579300
57632,8579300
57632,8579300
56593,8579300
57589,8579300
57612,8579300
57632,8579300
57635,8579300
57520,8579300
57577,8579300
57632,8579300
57584,8579300
57638,8579300
57632,8579300
57520,8579300
57577,8579300
57632,8579300
57632,8579300
57537,8579300
57636,8579300
57520,8579300
57518,8579300
57614,8579300
57612,8579300
57584,8579300
57632,8579300
57586,8579300
57635,8579300
57635,8579300
56594,8579300
57537,8579300
57635,8579300
57632,8579300
57614,8579300
57610,8579300
56584,8579300
53567,8579300
53557,8579300
56579,8579300
53547,8579300
56579,8579300
53572,8579300
53547,8579300
56589,8579300
56307,8579300
56269,8579300
56305,8579300
56307,8579300
56581,8579300
53579,8579300
56276,8579300
56598,8579300
56316,8579300
56579,8579300
56307,8579300
53547,8579300
56269,8579300
56271,8579300
56581,8579300
53545,8579300
56599,8579300
56317,8579300
53545,8579300
56584,8579300
56581,8579300
53567,8579300
56564,8579300
56579,8579300
56316,8579300
57614,8579300
57639,8579300
56587,8579300
56587,8579300
53545,8579300
56305,8579300
57614,8579300
56316,8579300
56579,8579300
53619,8579300
56598,8579300
57639,8579300
53547,8579300
56584,8579300
53545,8579300
56276,8579300
57614,8579300
56587,8579300
56584,8579300
53572,8579300
56317,8579300
53560,8579300
56588,8579300
53578,8579300
57614,8579300
53567,8579300
56269,8579300
53547,8579300
53518,8574120
53505,8574120
53505,8574120
53533,8574120
53533,8574120
53498,8574120
53474,8574120
53518,8574120
53534,8574120
53505,8574120
56656,8574120
53520,8574120
53426,8574120
53507,8574120
53533,8574120
53533,8574120
53533,8574120
53498,8574120
53520,8574120
53506,8574120
53518,8574120
53506,8574120
53534,8574120
53518,8574120
53520,8574120
53520,8574120
53505,8574120
53520,8574120
53506,8574120
53505,8574120
53426,8574120
53518,8574120
53518,8574120
53506,8574120
53508,8574120
53520,8574120
53520,8574120
53533,8574120
56651,8574120
56651,8574120
53520,8574120
56651,8574120
56651,8574120
53520,8574120
53534,8574120
53518,8574120
53506,8574120
53520,8574120
53424,8574120
53520,8574120
53426,8574120
53520,8574120
53520,8574120
53520,8574120
53489,8574120
53520,8574120
53498,8574120
53518,8574120
53534,8574120
53518,8574120
53520,8574120
53534,8574120
53501,8574120
56651,8574120
56659,8574120
56651,8574120
56653,8574120
56746,8574120
56746,8574120
56653,8574120
56653,8574120
56745,8574120
53520,8574120
56746,8574120
56729,8574120
56626,8574120
56729,8574120
56729,8574120
56729,8574120
56745,8574120
56729,8574120
56729,8574120
56729,8574120
56751,8574120
56729,8574120
56294,8574120
56751,8574120
56294,8574120
56745,8574120
56727,8574120
56729,8574120
56294,8574120
56729,8574120
56295,8574120
56729,8574120
56751,8574120
56736,8574120
56630,8574120
56642,8574120
56729,8574120
56729,8574120
56729,8574120
56295,8574120
56729,8574120
56727,8574120
56743,8574120
56751,8574120
56727,8574120
56729,8574120
56729,8574120
56753,8574120
56645,8574120
56299,8574120
56751,8574120
56637,8574120
56751,8574120
56727,8574120
56745,8574120
56295,8574120
56648,8574120
56727,8574120
56729,8574120
56743,8574120
56753,8574120
56729,8574120
56745,8574120
56729,8574120
56753,8574120
56729,8574120
56751,8574120
56751,8574120
56068,8578160
56330,8578160
56220,8578160
56170,8578160
56321,8578160
56332,8578160
56332,8578160
56332,8578160
56332,8578160
56220,8578160
56220,8578160
56330,8578160
56332,8578160
56330,8578160
56218,8578160
56332,8578160
56179,8578160
56283,8578160
56332,8578160
56330,8578160
56220,8578160
56322,8578160
56182,8578160
56220,8578160
56179,8578160
56323,8578160
56575,8578160
56179,8578160
56333,8578160
56332,8578160
56330,8578160
56346,8578160
56130,8578160
56132,8578160
56346,8578160
56340,8578160
56348,8578160
56130,8578160
56348,8578160
56133,8578160
56341,8578160
56132,8578160
56341,8578160
56349,8578160
56132,8578160
56348,8578160
56112,8578160
56357,8578160
56346,8578160
56132,8578160
56130,8578160
56346,8578160
56340,8578160
56348,8578160
56346,8578160
56346,8578160
56357,8578160
56346,8578160
65391,8578160
56346,8578160
56357,8578160
56337,8578160
56338,8578160
54518,8579920
54518,8579920
54538,8579920
54538,8579920
54518,8579920
54533,8579920
54518,8579920
54518,8579920
54538,8579920
54533,8579920
54523,8579920
54518,8579920
54518,8579920
54531,8579920
54533,8579920
54518,8579920
54516,8579920
54533,8579920
54518,8579920
54533,8579920
54534,8579920
54533,8579920
54516,8579920
54518,8579920
54523,8579920
56841,8579920
54518,8579920
54534,8579920
54538,8579920
54538,8579920
54524,8579920
54536,8579920
54533,8579920
54531,8579920
54516,8579920
54518,8579920
54534,8579920
54533,8579920
54533,8579920
54533,8579920
54533,8579920
54518,8579920
54531,8579920
54518,8579920
54518,8579920
56861,8579920
54518,8579920
54528,8579920
54534,8579920
54533,8579920
54518,8579920
54531,8579920
54533,8579920
54516,8579920
54526,8579920
54518,8579920
54689,8579920
54668,8579920
54636,8579920
54675,8579920
54673,8579920
54664,8579920
54657,8579920
54673,8579920
54636,8579920
54662,8579920
54673,8579920
54673,8579920
54634,8579920
54636,8579920
54636,8579920
54675,8579920
54634,8579920
54634,8579920
54673,8579920
54636,8579920
54646,8579920
54636,8579920
54673,8579920
54636,8579920
54647,8579920
54668,8579920
54636,8579920
54636,8579920
54673,8579920
54646,8579920
54668,8579920
54636,8579920
54655,8579920
54636,8579920
54668,8579920
54675,8579920
54636,8579920
54675,8579920
54673,8579920
54675,8579920
54657,8579920
54647,8579920
54646,8579920
54636,8579920
54673,8579920
54636,8579920
54673,8579920
54662,8579920
54668,8579920
54675,8579920
54664,8579920
54673,8579920
54636,8579920
54636,8579920
54675,8579920
54636,8579920
54636,8579920
54636,8579920
54666,8579920
54673,8579920
54668,8579920
54673,8579920
54675,8579920
54673,8579920
54675,8579920
54655,8579920
54655,8579920
54675,8579920
54673,8579920
54636,8579920
54655,8579920
54655,8579920
54636,8579920
54310,8579920
54636,8579920
54675,8579920
54634,8579920
54310,8579920
54636,8579920
54673,8579920
54673,8579920
54636,8579920
54657,8579920
54673,8579920
54675,8579920
54675,8579920
54634,8579920
54636,8579920
54673,8579920
54646,8579920
54675,8579920
54675,8579920
54634,8579920
54636,8579920
54636,8579920
54646,8579920
54655,8579920
54675,8579920
54668,8579920
54662,8579920
54647,8579920
54673,8579920
54664,8579920
54668,8579920
54636,8579920
54673,8579920
54634,8579920
54675,8579920
54655,8579920
54668,8579920
54636,8579920
54673,8579920
54673,8579920
54636,8579920
54636,8579920
54636,8579920
54673,8579920
54675,8579920
54662,8579920
54646,8579920
54636,8579920
54636,8579920
54689,8579920
54673,8579920
54655,8579920
54673,8579920
54675,8579920
54636,8579920
54646,8579920
54636,8579920
54655,8579920
54636,8579920
54673,8579920
54687,8579920
54597,8579920
54597,8579920
54608,8579920
54608,8579920
54608,8579920
54610,8579920
54597,8579920
54649,8579920
54689,8579920
54687,8579920
54689,8579920
54614,8579920
54649,8579920
54298,8579920
54619,8579920
54597,8579920
54597,8579920
54597,8579920
54614,8579920
54298,8579920
54595,8579920
54595,8579920
54533,8579920
54619,8579920
54608,8579920
54597,8579920
54687,8579920
54617,8579920
54619,8579920
54614,8579920
54619,8579920
54689,8579920
54689,8579920
54619,8579920
54689,8579920
54597,8579920
54597,8579920
54673,8579920
54649,8579920
54597,8579920
54612,8579920
54649,8579920
54619,8579920
54619,8579920
54597,8579920
54597,8579920
54617,8579920
54649,8579920
54597,8579920
54597,8579920
54649,8579920
54597,8579920
54608,8579920
54597,8579920
54597,8579920
54614,8579920
54649,8579920
54612,8579920
54614,8579920
54533,8579920
54608,8579920
54614,8579920
54687,8579920
54689,8579920
54597,8579920
54298,8579920
54595,8579920
54649,8579920
54595,8579920
54597,8579920
54687,8579920
54597,8579920
54595,8579920
54619,8579920
54689,8579920
54597,8579920
54619,8579920
54597,8579920
54614,8579920
54597,8579920
54655,8579920
54597,8579920
54608,8579920
54619,8579920
54617,8579920
54529,8579920
54655,8579920
54597,8579920
54597,8579920
54595,8579920
54612,8579920
54649,8579920
54614,8579920
54608,8579920
54616,8579920
54655,8579920
54597,8579920
54619,8579920
54636,8579920
54646,8579920
54578,8579920
54552,8579920
54570,8579920
54578,8579920
54570,8579920
54587,8579920
54570,8579920
54552,8579920
54552,8579920
54552,8579920
54552,8579920
54570,8579920
54552,8579920
54576,8579920
54552,8579920
54552,8579920
54585,8579920
54584,8579920
54552,8579920
54568,8579920
54558,8579920
54584,8579920
54576,8579920
54570,8579920
54552,8579920
54552,8579920
54570,8579920
54550,8579920
54584,8579920
54570,8579920
54552,8579920
54578,8579920
54570,8579920
54552,8579920
54587,8579920
54552,8579920
54570,8579920
54558,8579920
54552,8579920
54552,8579920
54570,8579920
54570,8579920
54578,8579920
54578,8579920
54570,8579920
54570,8579920
54570,8579920
54570,8579920
54552,8579920
54558,8579920
54552,8579920
54552,8579920
54570,8579920
54552,8579920
54552,8579920
54558,8579920
54552,8579920
54552,8579920
54552,8579920
54579,8579920
54552,8579920
54570,8579920
54578,8579920
54570,8579920
54578,8579920
54558,8579920
56769,8579920
56769,8579920
56766,8579920
54574,8579920
53539,8579920
53539,8579920
53539,8579920
53539,8579920
54568,8579920
53520,8579920
54597,8579920
53539,8579920
56767,8579920
54611,8579920
56767,8579920
56766,8579920
56767,8579920
53539,8579920
54589,8579920
53539,8579920
56767,8579920
56767,8579920
54574,8579920
56767,8579920
56769,8579920
56767,8579920
54568,8579920
56729,8579920
54578,8579920
56767,8579920
54597,8579920
53539,8579920
56769,8579920
54597,8579920
56767,8579920
54611,8579920
54586,8579920
54589,8579920
54597,8579920
56767,8579920
56767,8579920
53539,8579920
54550,8579920
54290,8611880
54298,8611880
54441,8611880
54314,8611880
54340,8611880
54413,8611880
54413,8611880
54316,8611880
54413,8611880
54340,8611880
54340,8611880
54317,8611880
54341,8611880
54439,8611880
54343,8611880
54316,8611880
54450,8611880
54413,8611880
54314,8611880
54413,8611880
54413,8611880
54317,8611880
54317,8611880
54429,8611880
54314,8611880
54317,8611880
54411,8611880
54316,8611880
54421,8611880
54316,8611880
54316,8611880
54298,8611880
54451,8611880
54441,8611880
54317,8611880
54441,8611880
54427,8611880
54344,8611880
54441,8611880
54340,8611880
54340,8611880
54329,8611880
54306,8611880
54317,8611880
54316,8611880
54308,8611880
54340,8611880
54338,8611880
54340,8611880
54317,8611880
54429,8611880
54441,8611880
54346,8611880
54318,8611880
54317,8611880
54340,8611880
54426,8611880
54422,8611880
54309,8611880
54453,8611880
54331,8611880
54441,8611880
54316,8611880
54456,8611880
54317,8611880
54439,8611880
54314,8611880
54331,8611880
54316,8611880
54340,8611880
54310,8611880
54413,8611880
54421,8611880
54340,8611880
54317,8611880
54439,8611880
54429,8611880
54340,8611880
54441,8611880
54314,8611880
54316,8611880
54338,8611880
54439,8611880
54317,8611880
54441,8611880
54456,8611880
54441,8611880
54340,8611880
54317,8611880
54441,8611880
54311,8611880
54314,8611880
54320,8611880
54429,8611880
54332,8611880
54441,8611880
54441,8611880
54459,8611880
54457,8611880
54313,8611880
54314,8611880
54422,8611880
54439,8611880
54349,8611880
54298,8611880
55116,8611860
55437,8611860
55422,8611860
55411,8611860
55422,8611860
55270,8611860
55257,8611860
55270,8611860
55270,8611860
55435,8611860
55218,8611860
55270,8611860
55270,8611860
55413,8611860
55424,8611860
55413,8611860
55437,8611860
55268,8611860
55413,8611860
55413,8611860
55437,8611860
55270,8611860
55437,8611860
55270,8611860
55270,8611860
55271,8611860
55413,8611860
55425,8611860
55413,8611860
55270,8611860
67547,8577360
55234,8577360
67577,8577360
55232,8577360
55288,8577360
55234,8577360
67595,8577360
55234,8577360
55234,8577360
67593,8577360
55234,8577360
55234,8577360
55237,8577360
55234,8577360
67596,8577360
55599,8577360
67575,8577360
55232,8577360
55234,8577360
55234,8577360
55234,8577360
67592,8577360
55234,8577360
55237,8577360
55234,8577360
55234,8577360
67596,8577360
55288,8577360
55599,8577360
55234,8577360
55239,8577360
55578,8577360
67578,8577360
55597,8577360
67598,8577360
67599,8577360
67580,8577360
55234,8577360
67591,8577360
55234,8577360
55237,8577360
67294,8577360
67582,8577360
67591,8577360
67591,8577360
67590,8577360
55234,8577360
55234,8577360
55234,8577360
55234,8577360
55234,8577360
67591,8577360
67574,8577360
55288,8577360
55291,8577360
55288,8577360
55599,8577360
55288,8577360
55599,8577360
55286,8577360
55288,8577360
55578,8577360
67591,8577360
55234,8577360
55578,8577360
55234,8577360
67593,8577360
55597,8577360
55286,8577360
55597,8577360
55459,8577360
55576,8577360
55294,8577360
55278,8577360
55278,8577360
55276,8577360
55278,8577360
55278,8577360
55278,8577360
55296,8577360
55457,8577360
55459,8577360
67583,8577360
55278,8577360
55296,8577360
67586,8577360
55457,8577360
55278,8577360
55296,8577360
55278,8577360
55278,8577360
55299,8577360
55283,8577360
55276,8577360
55578,8577360
55278,8577360
55576,8577360
55278,8577360
55278,8577360
55278,8577360
55576,8577360
67587,8577360
55576,8577360
67585,8577360
55578,8577360
67227,8612040
67059,8612040
67122,8612040
67259,8612040
67134,8612040
67240,8612040
67459,8612040
67125,8612040
67136,8612040
67259,8612040
67258,8612040
67259,8612040
67126,8612040
67259,8612040
67245,8612040
67117,8612040
67133,8612040
67112,8612040
67141,8612040
67127,8612040
67657,8611940
67308,8611940
67821,8611940
67806,8611940
67808,8611940
67308,8611940
67292,8611940
67806,8611940
67722,8611940
67295,8611940
67725,8611940
67308,8611940
67814,8611940
67811,8611940
67806,8611940
67816,8611940
67308,8611940
67304,8611940
67808,8611940
67821,8611940
67294,8611940
67822,8611940
67724,8611940
67813,8611940
67307,8611940
67724,8611940
67724,8611940
67724,8611940
67294,8611940
67308,8611940
67722,8611940
67806,8611940
67814,8611940
67822,8611940
67806,8611940
67304,8611940
67292,8611940
67292,8611940
67308,8611940
67727,8611940
67822,8611940
67297,8611940
67808,8611940
67294,8611940
67728,8611940
67822,8611940
67822,8611940
67822,8611940
67822,8611940
67823,8611940
67821,8611940
67294,8611940
67294,8611940
67308,8611940
67305,8611940
67808,8611940
67294,8611940
67308,8611940
67806,8611940
67806,8611940
67821,8611940
67808,8611940
67808,8611940
67729,8611940
67823,8611940
67808,8611940
67816,8611940
67808,8611940
67294,8611940
67806,8611940
67823,8611940
67821,8611940
67681,8611940
67808,8611940
67822,8611940
67808,8611940
67806,8611940
67759,8611940
67744,8611940
67308,8611940
67806,8611940
67722,8611940
67677,8611940
67685,8611940
67685,8611940
67677,8611940
67737,8611940
67468,8611940
67699,8611940
67732,8611940
67691,8611940
67734,8611940
66879,8611940
67686,8611940
67735,8611940
67678,8611940
67680,8611940
67697,8611940
67737,8611940
67731,8611940
67697,8611940
67685,8611940
67701,8611940
67699,8611940
67685,8611940
67734,8611940
67677,8611940
67685,8611940
67677,8611940
66879,8611940
67742,8611940
66871,8611940
66885,8611940
66901,8611940
67753,8611940
66869,8611940
66904,8611940
66887,8611940
66916,8611940
66904,8611940
67742,8611940
67744,8611940
67742,8611940
66871,8611940
66903,8611940
66916,8611940
66871,8611940
67753,8611940
66887,8611940
66887,8611940
67754,8611940
66871,8611940
66887,8611940
66903,8611940
67742,8611940
66887,8611940
66907,8611940
66903,8611940
67745,8611940
66871,8611940
67742,8611940
67753,8611940
66909,8611940
67742,8611940
66871,8611940
67742,8611940
66909,8611940
67756,8611940
67744,8611940
67742,8611940
67744,8611940
66887,8611940
66909,8611940
66887,8611940
67744,8611940
67744,8611940
66871,8611940
66871,8611940
67742,8611940
66909,8611940
66869,8611940
66909,8611940
67746,8611940
67742,8611940
67744,8611940
67744,8611940
67746,8611940
66909,8611940
67749,8611940
66887,8611940
66887,8611940
66879,8611940
67759,8611940
66871,8611940
66879,8611940
67756,8611940
67752,8611940
67748,8611940
67749,8611940
66903,8611940
66871,8611940
66887,8611940
66887,8611940
66907,8611940
66871,8611940
67753,8611940
67753,8611940
67753,8611940
66869,8611940
66887,8611940
67752,8611940
66869,8611940
66901,8611940
66871,8611940
66887,8611940
66909,8611940
66871,8611940
66871,8611940
66887,8611940
67746,8611940
66909,8611940
66914,8611940
66887,8611940
67744,8611940
67752,8611940
66885,8611940
66909,8611940
66909,8611940
66953,8573700
66482,8573700
66851,8573700
66892,8573700
66892,8573700
66851,8573700
66877,8573700
66849,8573700
66879,8573700
66849,8573700
66849,8573700
66849,8573700
66851,8573700
66879,8573700
66851,8573700
66851,8573700
66877,8573700
66879,8573700
66849,8573700
67705,8573700
66894,8573700
66892,8573700
66894,8573700
66849,8573700
76891,8573700
66994,8573700
66976,8573700
66994,8573700
76848,8573700
76848,8573700
66978,8573700
66957,8573700
66996,8573700
76891,8573700
66996,8573700
67715,8573700
76846,8573700
67714,8573700
66919,8573700
66987,8573700
66919,8573700
66957,8573700
66999,8573700
66996,8573700
66989,8573700
66989,8573700
66989,8573700
66851,8573700
66953,8573700
66978,8573700
66969,8573700
66996,8573700
76848,8573700
66976,8573700
66976,8573700
76891,8573700
76891,8573700
66989,8573700
66957,8573700
66989,8573700
66976,8573700
76891,8573700
66957,8573700
66987,8573700
66919,8573700
66994,8573700
67718,8573700
66996,8573700
76848,8573700
66957,8573700
76848,8573700
66851,8573700
66987,8573700
66957,8573700
66953,8573700
67714,8573700
66919,8573700
76848,8573700
66482,8573700
66484,8573700
66894,8573700
66917,8573700
66953,8573700
66497,8573700
66503,8573700
66482,8573700
66501,8573700
66484,8573700
66500,8573700
66894,8573700
66501,8573700
66482,8573700
66917,8573700
66894,8573700
66987,8573700
66500,8573700
66919,8573700
66987,8573700
66484,8573700
66509,8573700
66894,8573700
66987,8573700
66917,8573700
66484,8573700
66894,8573700
66484,8573700
76891,8573700
76891,8573700
76829,8573960
76756,8573960
76768,8573960
76872,8573960
76872,8573960
67361,8573960
76726,8573960
76767,8573960
76770,8573960
76771,8573960
76751,8573960
76870,8573960
76879,8573960
76773,8573960
76774,8573960
67360,8573960
67363,8573960
76872,8573960
76776,8573960
76777,8573960
76879,8573960
76764,8573960
76761,8573960
76779,8573960
67365,8573960
76872,8573960
76744,8573960
67366,8573960
67368,8573960
76872,8573960
67378,8573960
76744,8573960
76857,8573960
67482,8573960
76887,8573960
76889,8573960
76829,8573960
76887,8573960
76831,8573960
67482,8573960
76833,8573960
76887,8573960
76879,8573960
76835,8573960
76857,8573960
76889,8573960
76889,8573960
67480,8573960
67480,8573960
76831,8573960
76879,8573960
76857,8573960
76835,8573960
76833,8573960
67482,8573960
76835,8573960
76889,8573960
76831,8573960
67377,8573960
76857,8573960
67483,8573960
76835,8573960
76872,8573960
76863,8573960
76863,8573960
76831,8573960
76877,8573960
76831,8573960
76831,8573960
76865,8573960
76889,8573960
76889,8573960
67489,8573960
67483,8573960
76889,8573960
76833,8573960
76829,8573960
67487,8573960
76857,8573960
76889,8573960
76889,8573960
76887,8573960
76889,8573960
76889,8573960
76877,8573960
76889,8573960
76855,8573960
76829,8573960
76835,8573960
76857,8573960
76865,8573960
76835,8573960
67487,8573960
76889,8573960
76889,8573960
76833,8573960
76857,8573960
76889,8573960
67482,8573960
76857,8573960
76889,8573960
76857,8573960
76857,8573960
76833,8573960
76855,8573960
76835,8573960
76855,8573960
85391,8575000
85395,8575000
84072,8575000
85386,8575000
84104,8575000
85777,8575000
85350,8575000
85408,8575000
85406,8575000
85399,8575000
85413,8575000
85411,8575000
85414,8575000
85402,8575000
85416,8575000
85417,8575000
85419,8575000
85368,8575000
85405,8575000
85371,8575000
85307,8575000
85368,8575000
85395,8575000
85406,8575000
86561,8575000
86562,8575000
86564,8575000
86565,8575000
86571,8575000
86529,8575000
86579,8575000
85107,8575000
85119,8575000
85290,8575000
85302,8575000
85304,8575000
86558,8575000
85304,8575000
85305,8575000
85077,8575000
85126,8575000
85276,8575000
85309,8575000
85293,8575000
85084,8575000
85296,8575000
85298,8575000
85301,8575000
85088,8575000
85283,8575000
85250,8580300
85232,8580300
85221,8580300
85253,8580300
85778,8580300
85241,8580300
85757,8580300
85229,8580300
85235,8580300
85238,8580300
85235,8580300
85244,8580300
85247,8580300
85254,8580300
86567,8580300
85256,8580300
85258,8580300
82276,8580300
82239,8580300
82278,8580300
82281,8580300
82223,8580300
82275,8580300
82256,8580300
82284,8580300
82194,8580300
82285,8580300
82287,8580300
82288,8580300
82290,8580300
82216,8580300
82291,8580300
82293,8580300
82272,8580300
82294,8580300
82140,8580300
82178,8580300
82296,8580300
82299,8580300
80313,8576800
80313,8603300
80313,8578480
85609,8574700
82065,8574700
85649,8574700
85622,8574700
85748,8574700
82166,8574700
85630,8574700
82025,8574700
85540,8574700
85635,8574700
85662,8574700
85737,8574700
85551,8574700
82061,8574700
82035,8574700
85764,8574700
85521,8574700
85653,8574700
82152,8574700
82049,8574700
85640,8574700
82054,8574700
82069,8574700
82064,8574700
82024,8574700
85579,8574700
85774,8574700
82008,8574700
85716,8574700
0,8574700
0,8574700
0,8574700
83013,8576820
83123,8576820
83229,8576820
83547,8576820
83043,8576820
83233,8576820
83098,8576820
83254,8576820
83052,8576820
83254,8576820
83533,8576820
83125,8576820
83549,8576820
83093,8576820
83075,8576820
83620,8576820
83126,8576820
83112,8576820
83556,8576820
83109,8576820
83257,8576820
83128,8576820
83135,8576820
83129,8576820
83088,8576820
83059,8576820
83115,8576820
83131,8576820
83080,8576820
83539,8576820
83209,8576820
83134,8576820
83561,8576820
83064,8576820
83083,8576820
83253,8576820
83101,8576820
83543,8576820
83122,8576820
83137,8576820
83139,8576820
83564,8576820
83071,8576820
83104,8576820
83569,8576820
83512,8576820
83544,8576820
0,8576820
0,8576820
82433,8572640
82435,8572640
82438,8572640
82488,8572640
82490,8572640
82456,8572640
82491,8572640
82439,8572640
82494,8572640
82481,8572640
82418,8572640
82487,8572640
82496,8572640
82441,8572640
82418,8572640
82442,8572640
82445,8572640
82418,8572640
82447,8572640
82449,8572640
82497,8572640
82499,8572640
0,8572640
86972,8572640
82387,8572640
86975,8572640
82347,8572640
82401,8572640
86977,8572640
82390,8572640
82436,8572640
82392,8572640
86978,8572640
82383,8572640
82386,8572640
82393,8572640
86980,8572640
82386,8572640
82395,8572640
82396,8572640
82380,8572640
86971,8572640
82377,8572640
82398,8572640
86984,8572640
82399,8572640
82401,8572640
86956,8572640
86986,8572640
86987,8572640
82402,8572640
82404,8572640
86989,8572640
82362,8572640
82405,8572640
82407,8572640
82409,8572640
94527,8572860
94530,8572860
94532,8572860
94505,8572860
94533,8572860
94469,8572860
94539,8572860
94551,8572860
94491,8572860
94551,8572860
94547,8572860
94550,8572860
94551,8572860
94526,8572860
94554,8572860
94557,8572860
94562,8572860
94560,8572860
94486,8572860
94563,8572860
94447,8572860
94571,8572860
94508,8572860
94569,8572860
94574,8572860
94577,8572860
94536,8572860
94078,8572860
94142,8572860
94475,8572860
94143,8572860
94145,8572860
94146,8572860
94545,8572860
94548,8572860
94118,8572860
94151,8572860
94089,8572860
94157,8572860
94158,8572860
94160,8572860
94133,8572860
94163,8572860
94568,8572860
94572,8572860
94556,8572860
94513,8572860
94518,8572860
94169,8572860
94065,8572860
94579,8572860
0,8572860
0,8572860
0,8572860
0,8572860
0,8572860
0,8572860
0,8572860
0,8572860
0,8572860
0,8572860
0,8572860
94529,8572860
94535,8572860
94538,8572860
94544,8572860
84026,8578220
93326,8578220
84089,8578220
84044,8578220
93077,8578220
93354,8578220
93343,8578220
93345,8578220
84097,8578220
93346,8578220
93309,8578220
93348,8578220
84085,8578220
84048,8578220
93333,8578220
93351,8578220
84094,8578220
93339,8578220
93352,8578220
93342,8578220
93354,8578220
93356,8578220
93358,8578220
84106,8578220
93359,8578220
0,8578220
0,8578220
0,8578220
0,8578220
84166,8578220
84032,8578220
84169,8578220
84171,8578220
84092,8578220
84155,8578220
84172,8578220
84174,8578220
84030,8578220
84057,8578220
84051,8578220
84095,8578220
84141,8578220
84098,8578220
84036,8578220
84088,8578220
84181,8578220
84100,8578220
84101,8578220
84076,8578220
84056,8578220
84184,8578220
84149,8578220
84137,8578220
84186,8578220
84107,8578220
84189,8578220
84079,8578220
94030,8579640
94501,8579640
94501,8579640
94072,8579640
94501,8579640
94139,8579640
94124,8579640
94081,8579640
94086,8579640
94542,8579640
94051,8579640
94116,8579640
94148,8579640
94149,8579640
94094,8579640
94127,8579640
94152,8579640
94154,8579640
94130,8579640
94496,8579640
94060,8579640
94094,8579640
94161,8579640
94099,8579640
94121,8579640
94164,8579640
94167,8579640
94136,8579640
94113,8579640
94104,8579640
94107,8579640
94474,8579640
94110,8579640
94575,8579640
94104,8579640
84168,8580780
84175,8580780
84178,8580780
84103,8580780
84175,8580780
84109,8580780
84109,8580780
94424,8580780
94137,8580780
84361,8580780
84378,8580780
84307,8580780
84385,8580780
94140,8580780
84326,8580780
84140,8580780
84552,8580780
84332,8580780
84381,8580780
84387,8580780
84375,8580780
84333,8580780
84323,8580780
84335,8580780
84347,8580780
84389,8580780
84367,8580780
84326,8580780
94439,8580780
84337,8580780
84359,8580780
94166,8580780
84367,8580780
84371,8580780
84339,8580780
84384,8580780
84329,8580780
84367,8580780
84130,8580780
94428,8580780
84160,8580780
84177,8580780
94405,8580780
84180,8580780
94437,8580780
84163,8580780
84152,8580780
84164,8580780
84183,8580780
94431,8580780
94417,8580780
94436,8580780
94522,8580780
94315,8579140
94250,8579140
93471,8579140
94252,8579140
94253,8579140
94249,8579140
94255,8579140
94256,8579140
94258,8579140
94244,8579140
94239,8579140
94259,8579140
94261,8579140
94262,8579140
94264,8579140
94227,8579140
94265,8579140
94267,8579140
94209,8579140
94269,8579140
94239,8579140
94244,8579140
94234,8579140
94239,8579140
94227,8579140
94345,8579140
94330,8579140
94347,8579140
94348,8579140
94327,8579140
94350,8579140
94351,8579140
94333,8579140
94353,8579140
94354,8579140
94336,8579140
94342,8579140
94356,8579140
94357,8579140
84082,8579140
94339,8579140
94359,8579140
84066,8579140
94553,8579140
94360,8579140
94362,8579140
94559,8579140
94363,8579140
94365,8579140
94374,8579140
94368,8579140
94369,8579140
94371,8579140
94372,8579140
94330,8579140
94379,8579140
94374,8579140
94375,8579140
94377,8579140
94342,8579140
94344,8579140
94336,8579140
92224,8603240
92260,8603240
91275,8603240
92262,8603240
92263,8603240
92265,8603240
92266,8603240
92271,8603240
92272,8603240
92274,8603240
92256,8603240
92242,8603240
92275,8603240
92277,8603240
92278,8603240
92280,8603240
92281,8603240
92245,8603240
92268,8603240
92259,8603240
92284,8603240
92286,8603240
92287,8603240
92253,8603240
92237,8603240
92289,8603240
92249,8603240
91249,8603240
0,8603240
92334,8603240
92348,8603240
92361,8603240
92363,8603240
92364,8603240
92345,8603240
92342,8603240
92366,8603240
92283,8603240
92331,8603240
92360,8603240
92305,8603240
92331,8603240
92367,8603240
92353,8603240
90602,8603240
92369,8603240
92358,8603240
92355,8603240
93019,8570900
93087,8570900
93093,8570900
93089,8570900
93090,8570900
93092,8570900
93176,8570900
93170,8570900
93164,8570900
93180,8570900
93093,8570900
93183,8570900
93095,8570900
93155,8570900
93183,8570900
93183,8570900
93096,8570900
93164,8570900
93138,8570900
93098,8570900
93099,8570900
93073,8570900
93152,8570900
93083,8570900
93080,8570900
93186,8570900
93101,8570900
93102,8570900
93188,8570900
93128,8570900
93104,8570900
84069,8570900
93159,8570900
93104,8570900
93105,8570900
93107,8570900
93173,8570900
93109,8570900
93195,8570900
93197,8570900
0,8570900
0,8570900
93473,8603200
93474,8603200
93476,8603200
93413,8603200
93466,8603200
93458,8603200
93167,8603200
93437,8603200
93477,8603200
93479,8603200
93480,8603200
93444,8603200
93462,8603200
93185,8603200
93468,8603200
93453,8603200
93482,8603200
93483,8603200
93189,8603200
93167,8603200
93485,8603200
93426,8603200
92444,8603200
93486,8603200
93488,8603200
93489,8603200
93491,8603200
93464,8603200
93455,8603200
93492,8603200
93199,8603200
93494,8603200
93192,8603200
93194,8603200
93449,8603200
93495,8603200
93497,8603200
93499,8603200
93470,8603200
93179,8603200
93086,8603200
92540,8603200
92439,8603200
92436,8603200
93133,8603200
92542,8603200
92269,8603200
92723,8603200
92543,8603200
93142,8603200
92507,8603200
92445,8603200
92431,8603200
92545,8603200
93149,8603200
92533,8603200
92526,8603200
92536,8603200
92546,8603200
92539,8603200
92421,8603200
92548,8603200
92521,8603200
92447,8603200
92549,8603200
92440,8603200
92551,8603200
93158,8603200
92552,8603200
92554,8603200
92555,8603200
92442,8603200
92557,8603200
92559,8603200
0,8603200
92637,8578840
92665,8578840
92676,8578840
92693,8578840
92694,8578840
92685,8578840
92696,8578840
92697,8578840
92655,8578840
92699,8578840
92665,8578840
91281,8578840
92702,8578840
92705,8578840
92706,8578840
92708,8578840
92709,8578840
92660,8578840
95514,8578840
92711,8578840
92712,8578840
92714,8578840
92724,8578840
92690,8578840
92660,8578840
92718,8578840
95519,8578840
92720,8578840
92676,8578840
92721,8578840
92723,8578840
92637,8578840
92648,8578840
95519,8578840
92726,8578840
92727,8578840
92729,8578840
92670,8578840
92699,8578840
0,8578840
0,8578840
0,8578840
95671,8578840
95682,8578840
95683,8578840
92677,8578840
95685,8578840
95688,8578840
95689,8578840
95505,8578840
95506,8578840
95478,8578840
95692,8578840
92703,8578840
95508,8578840
95666,8578840
95695,8578840
95666,8578840
95698,8578840
95700,8578840
95701,8578840
95703,8578840
95704,8578840
92717,8578840
95643,8578840
95679,8578840
95652,8578840
95672,8578840
96031,8580360
96146,8580360
96138,8580360
96154,8580360
96155,8580360
96157,8580360
96158,8580360
96103,8580360
96114,8580360
96170,8580360
96175,8580360
96178,8580360
96170,8580360
96185,8580360
96135,8580360
96129,8580360
96194,8580360
96132,8580360
0,8580360
0,8580360
0,8580360
0,8580360
0,8580360
0,8580360
0,8580360
0,8580360
0,8580360
0,8580360
91077,8580360
91090,8580360
91330,8580360
91301,8580360
91352,8580360
91353,8580360
91336,8580360
91077,8580360
91338,8580360
91356,8580360
91077,8580360
91358,8580360
91094,8580360
91359,8580360
91077,8580360
91361,8580360
91099,8580360
91365,8580360
91369,8580360
96148,8582120
96120,8582120
96149,8582120
96161,8582120
96163,8582120
91332,8582120
96164,8582120
96167,8582120
96169,8582120
96123,8582120
96117,8582120
96173,8582120
96179,8582120
96182,8582120
96110,8582120
96187,8582120
96191,8582120
96196,8582120
96199,8582120
95356,8582120
95358,8582120
95499,8582120
95502,8582120
95359,8582120
95361,8582120
95311,8582120
95362,8582120
95364,8582120
95336,8582120
95352,8582120
95509,8582120
95512,8582120
95339,8582120
95353,8582120
95365,8582120
95346,8582120
95349,8582120
95367,8582120
95369,8582120
95339,8582120
96197,8582120
96264,8582120
96224,8582120
96250,8582120
96272,8582120
96215,8582120
96257,8582120
96275,8582120
96247,8582120
96257,8582120
96231,8582120
96260,8582120
0,8582120
0,8582120
91522,8570840
91587,8570840
91722,8570840
91589,8570840
91572,8570840
91590,8570840
91592,8570840
91595,8570840
91596,8570840
91598,8570840
91599,8570840
91583,8570840
90599,8570840
91550,8570840
91601,8570840
91602,8570840
91725,8570840
91555,8570840
91604,8570840
91607,8570840
91726,8570840
91608,8570840
91560,8570840
91567,8570840
91610,8570840
91731,8570840
91611,8570840
91578,8570840
91586,8570840
91732,8570840
91734,8570840
91614,8570840
91564,8570840
91616,8570840
91617,8570840
91620,8570840
91737,8570840
91580,8570840
91740,8570840
91541,8570840
91622,8570840
91623,8570840
91583,8570840
91625,8570840
91626,8570840
91628,8570840
91743,8570840
91717,8570840
91746,8570840
91629,8570840
91744,8570840
91631,8570840
91632,8570840
91634,8570840
91635,8570840
91575,8570840
91749,8570840
91637,8570840
91639,8570840
0,8570840
91720,8570840
91793,8570840
91735,8570840
91790,8570840
91790,8570840
91723,8570840
91792,8570840
91796,8570840
91728,8570840
91710,8570840
91729,8570840
91719,8570840
91798,8570840
91799,8570840
91801,8570840
91802,8570840
91790,8570840
91788,8570840
91738,8570840
91785,8570840
91805,8570840
91790,8570840
91807,8570840
91741,8570840
91757,8570840
91781,8570840
91747,8570840
90744,8603660
90614,8603660
90556,8603660
90613,8603660
90579,8603660
90522,8603660
90587,8603660
90617,8603660
90574,8603660
90556,8603660
90547,8603660
90587,8603660
90587,8603660
91452,8603660
90513,8603660
91438,8603660
91460,8603660
91593,8603660
96152,8603660
91456,8603660
91463,8603660
91448,8603660
91465,8603660
91605,8603660
97258,8603660
91468,8603660
91469,8603660
97258,8603660
91471,8603660
97258,8603660
91472,8603660
91474,8603660
91613,8603660
91477,8603660
91459,8603660
91478,8603660
91480,8603660
91481,8603660
90616,8603660
91413,8603660
97258,8603660
91619,8603660
91483,8603660
91443,8603660
97215,8603660
91439,8603660
90619,8603660
97215,8603660
97215,8603660
91489,8603660
0,8603660
90403,8571980
90403,8572940
91126,8572940
91236,8618220
90518,8618220
90559,8618220
91238,8618220
90537,8618220
91230,8618220
91235,8618220
91239,8618220
91217,8618220
91241,8618220
91207,8618220
91227,8618220
91284,8618220
91233,8618220
91238,8618220
91242,8618220
91224,8618220
91244,8618220
90552,8618220
90607,8618220
91220,8618220
90571,8618220
90592,8618220
91245,8618220
91235,8618220
91247,8618220
90610,8618220
0,8618220
0,8618220
0,8618220
0,8618220
0,8618220
0,8618220
0,8618220
0,8618220
0,8618220
0,8618220
0,8618220
0,8618220
0,8618220
0,8618220
91183,8618220
90580,8618220
91186,8618220
91166,8618220
91171,8618220
91180,8618220
91161,8618220
91126,8618220
90596,8618220
91126,8618220
91187,8618220
91189,8618220
91154,8618220
91174,8618220
91177,8618220
90530,8618220
0,8618220
0,8618220
0,8618220
0,8618220
0,8618220
63701,8577000
63755,8577000
63856,8577000
63825,8577000
63791,8577000
63826,8577000
63864,8577000
63773,8577000
63762,8577000
63808,8577000
63869,8577000
63872,8577000
63871,8577000
63768,8577000
63867,8577000
63796,8577000
63828,8577000
63801,8577000
63829,8577000
63846,8577000
63814,8577000
63875,8577000
63776,8577000
63860,8577000
63877,8577000
63825,8577000
63825,8577000
63811,8577000
63857,8577000
63879,8577000
63825,8577000
63872,8577000
63831,8577000
0,8577000
0,8577000
0,8577000
0,8577000
0,8577000
0,8577000
0,8577000
0,8577000
97717,8571100
97708,8571100
97769,8571100
97688,8571100
97705,8571100
97725,8571100
97717,8571100
97727,8571100
97779,8571100
97762,8571100
97711,8571100
97786,8571100
97702,8571100
97720,8571100
97789,8571100
97723,8571100
97714,8571100
97729,8571100
97517,8571100
97792,8571100
97795,8571100
97717,8571100
97711,8571100
97797,8571100
97772,8571100
97799,8571100
0,8571100
0,8571100
0,8571100
0,8571100
0,8571100
0,8571100
0,8571100
0,8571100
0,8571100
0,8571100
0,8571100
0,8571100
0,8571100
97633,8571100
97616,8571100
97654,8571100
97653,8571100
97650,8571100
97633,8571100
97633,8571100
97647,8571100
97640,8571100
97633,8571100
97618,8571100
97633,8571100
97618,8571100
97618,8571100
97631,8571100
97638,8571100
97618,8571100
97647,8571100
97656,8571100
97640,8571100
97642,8571100
97618,8571100
97633,8571100
97616,8571100
97657,8571100
97659,8571100
97647,8571100
97640,8571100
97618,8571100
97528,8571100
97633,8571100
97633,8571100
97618,8571100
97647,8571100
97618,8571100
97618,8571100
97724,8571100
0,8571100
0,8571100
0,8571100
0,8571100
0,8571100
0,8571100
0,8571100
0,8571100
97491,8571100
96151,8571100
97494,8571100
97496,8571100
97500,8571100
96106,8571100
97483,8571100
97503,8571100
97437,8571100
97461,8571100
97519,8571100
97514,8571100
97500,8571100
97478,8571100
97486,8571100
96126,8571100
97531,8571100
96176,8571100
96181,8571100
96184,8571100
97522,8571100
96188,8571100
96190,8571100
97531,8571100
97475,8571100
96126,8571100
97901,8574940
63916,8574940
63927,8574940
97903,8574940
97904,8574940
63928,8574940
63820,8574940
63906,8574940
63863,8574940
97906,8574940
63920,8574940
63868,8574940
63840,8574940
63931,8574940
63924,8574940
63839,8574940
63911,8574940
63925,8574940
63849,8574940
63897,8574940
63853,8574940
63933,8574940
63930,8574940
63843,8574940
63785,8574940
63934,8574940
63924,8574940
63936,8574940
97909,8574940
63834,8574940
63937,8574940
63939,8574940
0,8574940
0,8574940
97450,8574940
97773,8574940
97834,8574940
97828,8574940
97775,8574940
97837,8574940
97828,8574940
97776,8574940
97778,8574940
97833,8574940
97737,8574940
97780,8574940
97782,8574940
97840,8574940
97907,8574940
97267,8574940
97842,8574940
97753,8574940
97783,8574940
97892,8574940
97855,8574940
97816,8574940
97828,8574940
97785,8574940
97788,8574940
97843,8574940
97845,8574940
97791,8574940
97846,8574940
97848,8574940
97282,8574940
97794,8574940
97849,8574940
97851,8574940
97892,8574940
97854,8574940
97289,8574940
97857,8574940
97859,8574940
97225,8574940
0,8574940
0,8574940
0,8574940
0,8574940
0,8574940
0,8574940
0,8574940
0,8574940
0,8574940
0,8574940
97067,8576760
97239,8576760
97241,8576760
97243,8576760
97244,8576760
97246,8576760
97249,8576760
97250,8576760
97230,8576760
97252,8576760
97253,8576760
97255,8576760
97218,8576760
97256,8576760
97232,8576760
97259,8576760
97261,8576760
97262,8576760
97264,8576760
97265,8576760
97204,8576760
97292,8576760
97268,8576760
97270,8576760
97271,8576760
97273,8576760
97276,8576760
97277,8576760
97237,8576760
97247,8576760
97241,8576760
97199,8576760
97279,8576760
97236,8576760
97234,8576760
97264,8576760
97283,8576760
97222,8576760
97285,8576760
97228,8576760
97286,8576760
97255,8576760
97285,8576760
97288,8576760
97291,8576760
97292,8576760
97274,8576760
97294,8576760
97209,8576760
97295,8576760
97297,8576760
97286,8576760
97299,8576760
0,8576760
0,8576760
0,8576760
86559,8572600
86444,8572600
86551,8572600
86453,8572600
86495,8572600
86316,8572600
86568,8572600
86438,8572600
86504,8572600
86415,8572600
86573,8572600
86508,8572600
86510,8572600
86511,8572600
86577,8572600
82297,8572600
86477,8572600
86695,8572600
86482,8572600
86485,8572600
86399,8572600
86486,8572600
86420,8572600
86424,8572600
86678,8572600
86679,8572600
86494,8572600
86850,8572600
86456,8572600
86368,8572600
86459,8572600
86836,8572600
86845,8572600
86465,8572600
86856,8572600
86497,8572600
86507,8572600
86836,8572600
86707,8572600
86500,8572600
86863,8572600
86853,8572600
86462,8572600
86405,8572600
86866,8572600
86868,8572600
86356,8572600
86695,8572600
86507,8572600
86872,8572600
86830,8572600
86391,8572600
86672,8572600
86836,8572600
86514,8572600
86877,8572600
86517,8572600
86465,8572600
86707,8572600
86441,8572600
0,8572600
86447,8633160
86570,8633160
86556,8633160
86574,8633160
86554,8633160
86576,8633160
86447,8633160
86674,8633160
86450,8633160
89344,8633160
89429,8633160
89431,8633160
86637,8633160
86657,8633160
89434,8633160
86647,8633160
89407,8633160
89353,8633160
89423,8633160
89437,8633160
89420,8633160
89438,8633160
86502,8633160
89415,8633160
89440,8633160
89426,8633160
89435,8633160
89441,8633160
89443,8633160
89428,8633160
86637,8633160
86637,8633160
89426,8633160
89446,8633160
89447,8633160
86637,8633160
86733,8633160
86735,8633160
86663,8633160
86729,8633160
86675,8633160
86653,8633160
86738,8633160
86609,8633160
86739,8633160
86741,8633160
86735,8633160
86742,8633160
86681,8633160
86682,8633160
86744,8633160
86655,8633160
86720,8633160
86684,8633160
86685,8633160
86687,8633160
86747,8633160
86748,8633160
86688,8633160
86750,8633160
86690,8633160
86751,8633160
86753,8633160
86653,8633160
86692,8633160
86754,8633160
86694,8633160
86720,8633160
86698,8633160
86732,8633160
86700,8633160
86641,8633160
86756,8633160
86703,8633160
86704,8633160
86660,8633160
86757,8633160
86759,8633160
86650,8633160
86709,8633160
0,8633160
0,8633160
86480,8617480
86483,8617480
86513,8617480
86488,8617480
89347,8617480
89346,8617480
89331,8617480
89349,8617480
86489,8617480
89350,8617480
86491,8617480
89352,8617480
89312,8617480
89355,8617480
89356,8617480
89335,8617480
89343,8617480
89358,8617480
89359,8617480
86381,8617480
89361,8617480
89340,8617480
86505,8617480
86476,8617480
86479,8617480
89362,8617480
89364,8617480
89365,8617480
86470,8617480
86519,8617480
89332,8617480
86480,8617480
89368,8617480
86473,8617480
0,8617480
0,8617480
89281,8617480
89287,8617480
89290,8617480
89291,8617480
89257,8617480
89293,8617480
89278,8617480
89210,8617480
89270,8617480
89294,8617480
89296,8617480
89284,8617480
89297,8617480
89250,8617480
89299,8617480
89269,8617480
89264,8617480
0,8617480
0,8617480
0,8617480
0,8617480
87727,8617480
87737,8617480
87739,8617480
87743,8617480
87746,8617480
87748,8617480
87751,8617480
87725,8617480
87761,8617480
87767,8617480
87754,8617480
87769,8617480
87770,8617480
87772,8617480
87773,8617480
87775,8617480
87784,8617480
87785,8617480
86498,8617480
87435,8603220
88131,8603220
88167,8603220
88167,8603220
88178,8603220
88138,8603220
88131,8603220
88161,8603220
88167,8603220
88149,8603220
88179,8603220
88145,8603220
88167,8603220
88175,8603220
88138,8603220
88167,8603220
88142,8603220
88171,8603220
88138,8603220
88145,8603220
87452,8603220
87538,8603220
87488,8603220
87544,8603220
87538,8603220
87474,8603220
87545,8603220
87463,8603220
87471,8603220
87538,8603220
87490,8603220
87541,8603220
87509,8603220
87493,8603220
87547,8603220
87466,8603220
87538,8603220
87534,8603220
87561,8603220
87527,8603220
87549,8603220
87527,8603220
87477,8603220
87448,8603220
87480,8603220
87497,8603220
87487,8603220
87499,8603220
0,8603220
87600,8580340
87700,8580340
87648,8580340
87640,8580340
87650,8580340
87651,8580340
86807,8580340
87653,8580340
87637,8580340
87654,8580340
87629,8580340
87656,8580340
87657,8580340
87659,8580340
87634,8580340
87660,8580340
86860,8580340
87662,8580340
87647,8580340
86862,8580340
86983,8580340
87663,8580340
87616,8580340
87665,8580340
87484,8580340
87634,8580340
86869,8580340
87662,8580340
87666,8580340
87459,8580340
87669,8580340
87668,8580340
87671,8580340
87672,8580340
87674,8580340
87494,8580340
87645,8580340
87637,8580340
87675,8580340
87677,8580340
87642,8580340
87647,8580340
87496,8580340
86875,8580340
87616,8580340
87679,8580340
87675,8580340
86854,8580340
87742,8580340
86825,8580340
87734,8580340
87736,8580340
87740,8580340
87742,8580340
87745,8580340
86833,8580340
87730,8580340
87749,8580340
87752,8580340
87757,8580340
87758,8580340
87760,8580340
87763,8580340
87764,8580340
87733,8580340
86865,8580340
87766,8580340
87719,8580340
87724,8580340
87776,8580340
87778,8580340
87779,8580340
86842,8580340
86874,8580340
87781,8580340
87782,8580340
86871,8580340
86879,8580340
87787,8580340
87789,8580340
0,8580340
70173,8578320
70173,8619000
71134,8571260
71155,8571260
71032,8571260
71149,8571260
75392,8571260
71139,8571260
71116,8571260
71126,8571260
71083,8571260
71157,8571260
71088,8571260
71229,8571260
71106,8571260
71159,8571260
71154,8571260
71272,8571260
71277,8571260
71101,8571260
71063,8571260
71263,8571260
71093,8571260
71131,8571260
71120,8571260
73776,8573600
73666,8573600
73779,8573600
73770,8573600
73728,8573600
73269,8573600
73257,8573600
73669,8573600
73765,8573600
73207,8573600
73262,8573600
73240,8573600
73249,8573600
73773,8573600
73760,8573600
71144,8574060
71111,8574060
72655,8574060
72657,8574060
72658,8574060
72660,8574060
73266,8574060
73265,8574060
73268,8574060
72636,8574060
72663,8574060
73271,8574060
73230,8574060
72664,8574060
72666,8574060
72654,8574060
73272,8574060
72639,8574060
73274,8574060
72622,8574060
72644,8574060
73275,8574060
73277,8574060
72667,8574060
72669,8574060
73235,8574060
72649,8574060
70794,8574060
70771,8574060
73252,8574060
72631,8574060
73099,8573220
73101,8573220
73095,8573220
73342,8573220
73337,8573220
73102,8573220
89558,8573220
73104,8573220
73087,8573220
73326,8573220
73072,8573220
73345,8573220
73105,8573220
73061,8573220
73054,8573220
73107,8573220
73108,8573220
73312,8573220
73333,8573220
73033,8573220
73344,8573220
73110,8573220
73092,8573220
73345,8573220
73329,8573220
73347,8573220
73113,8573220
73098,8573220
73084,8573220
73114,8573220
73278,8573220
73079,8573220
73066,8573220
73116,8573220
73117,8573220
73349,8573220
73119,8573220
73111,8573220
73553,8619260
70734,8619260
73667,8619260
71404,8619260
71397,8619260
73655,8619260
73635,8619260
73614,8619260
71409,8619260
73660,8619260
71332,8619260
73642,8619260
71364,8619260
73650,8619260
73663,8619260
73630,8619260
71384,8619260
71394,8619260
71287,8571460
71679,8571460
71254,8571460
71735,8571460
70839,8571460
71282,8571460
70806,8571460
71638,8571460
71706,8571460
71696,8571460
71739,8571460
71701,8571460
74372,8571460
71665,8571460
70825,8571460
71686,8571460
71563,8617440
71726,8617440
74354,8617440
74357,8617440
71729,8617440
74391,8617440
74392,8617440
74376,8617440
71723,8617440
74394,8617440
74366,8617440
74369,8617440
71672,8617440
74395,8617440
71711,8617440
71720,8617440
74385,8617440
71711,8617440
71732,8617440
74399,8617440
74343,8617440
74379,8617440
71691,8617440
74321,8617440
74232,8617440
71717,8617440
74336,8617440
74389,8617440
74223,8617440
74363,8617440
74360,8617440
74348,8617440
74211,8617440
74382,8617440
74226,8617440
74397,8617440
74388,8617440
74199,8617440
74374,8617440
74072,8581060
74177,8581060
74906,8581060
74206,8581060
74246,8581060
74248,8581060
75031,8581060
74235,8581060
75050,8581060
74831,8581060
74930,8581060
74249,8581060
74912,8581060
74251,8581060
74245,8581060
74252,8581060
74219,8581060
74172,8581060
74861,8581060
74196,8581060
74229,8581060
74254,8581060
74255,8581060
74193,8581060
74936,8581060
74257,8581060
74189,8581060
74259,8581060
71543,8581060
74182,8581060
74239,8581060
74243,8581060
75015,8616580
76275,8616580
75053,8616580
75057,8616580
76316,8616580
76359,8616580
75038,8616580
75056,8616580
75045,8616580
76356,8616580
75059,8616580
76307,8616580
76703,8616580
76676,8616580
76327,8616580
76344,8616580
76351,8616580
76287,8616580
76297,8616580
76337,8616580
76706,8616580
76530,8581940
76474,8581940
76467,8581940
76476,8581940
77815,8581940
77830,8581940
76448,8581940
76477,8581940
76596,8581940
76571,8581940
76593,8581940
76549,8581940
76473,8581940
76456,8581940
77839,8581940
76597,8581940
76461,8581940
76470,8581940
77833,8581940
76437,8581940
76547,8581940
76479,8581940
76599,8581940
77836,8581940
69245,8618200
69234,8618200
69412,8618200
74925,8618200
74927,8618200
69251,8618200
69434,8618200
69253,8618200
69181,8618200
69254,8618200
69256,8618200
74909,8618200
69242,8618200
74924,8618200
69151,8618200
74933,8618200
69226,8618200
69231,8618200
74934,8618200
69207,8618200
69250,8618200
69436,8618200
74889,8618200
74937,8618200
74915,8618200
69190,8618200
69257,8618200
69168,8618200
69259,8618200
74939,8618200
74918,8618200
68789,8618200
74931,8618200
74921,8618200
75175,8576200
75217,8576200
75239,8576200
75331,8576200
71292,8576200
71296,8576200
75428,8576200
75228,8576200
75249,8576200
75438,8576200
75433,8576200
71297,8576200
75417,8576200
75305,8576200
75242,8576200
75223,8576200
75443,8576200
75447,8576200
75233,8576200
75446,8576200
71299,8576200
75449,8576200
75210,8576200
75196,8576200
75334,8576200
75245,8576200
75236,8576200
75248,8576200
75203,8576200
72213,8615540
75382,8615540
75378,8615540
75335,8615540
72224,8615540
72227,8615540
75337,8615540
75391,8615540
72221,8615540
76332,8615540
75339,8615540
72202,8615540
75387,8615540
75389,8615540
75394,8615540
75395,8615540
72229,8615540
75328,8615540
72226,8615540
75397,8615540
75399,8615540
75323,8615540
72218,8615540
75385,8615540
75365,8615540
72275,8615540
72270,8615540
72280,8615540
72186,8615540
72184,8615540
72250,8615540
72293,8615540
72294,8615540
72160,8615540
72290,8615540
72285,8615540
72296,8615540
72299,8615540
72297,8615540
72178,8615540
77776,8615540
79098,8601400
79280,8601400
79268,8601400
79283,8601400
79206,8601400
79285,8601400
79356,8601400
79288,8601400
79289,8601400
79241,8601400
79291,8601400
79249,8601400
79292,8601400
79227,8601400
79294,8601400
79224,8601400
79299,8601400
79238,8601400
79232,8601400
79235,8601400
77793,8573080
77756,8573080
78132,8573080
77709,8573080
77709,8573080
78073,8573080
78176,8573080
78199,8573080
78083,8573080
78166,8573080
78120,8573080
78148,8573080
78183,8573080
78126,8573080
78087,8573080
78078,8573080
78112,8573080
78141,8573080
78136,8573080
78098,8573080
78609,8573080
78089,8573080
78147,8573080
78050,8573080
78086,8573080
78267,8575020
78476,8575020
78266,8575020
78253,8575020
78234,8575020
78343,8575020
78262,8575020
78244,8575020
78247,8575020
78462,8575020
78345,8575020
78357,8575020
78337,8575020
78315,8575020
78479,8575020
78224,8575020
78256,8575020
78333,8575020
78250,8575020
78269,8575020
78355,8575020
78259,8575020
78351,8575020
78359,8575020
78239,8575020
79874,8579780
79256,8579780
79871,8579780
79868,8579780
79877,8579780
79286,8579780
79194,8579780
79194,8579780
79856,8579780
79199,8579780
79853,8579780
79843,8579780
79254,8579780
79274,8579780
79271,8579780
79859,8579780
79252,8579780
79822,8579780
79774,8579780
79872,8579780
79848,8579780
79875,8579780
79802,8579780
79804,8579780
79733,8579780
79865,8579780
79837,8579780
79737,8579780
79862,8579780
79801,8579780
79837,8579780
79798,8579780
79771,8579780
79787,8579780
79725,8579780
79807,8579780
79730,8579780
79736,8579780
79713,8579780
79837,8579780
79780,8579780
79682,8579780
79664,8579780
79809,8579780
79793,8579780
79805,8579780
79790,8579780
79761,8579780
79879,8579780
79777,8579780
72581,8572540
72800,8572540
72532,8572540
72582,8572540
72661,8572540
72534,8572540
72584,8572540
72537,8572540
72555,8572540
72525,8572540
72539,8572540
72793,8572540
72124,8572540
72764,8572540
72585,8572540
72818,8572540
72574,8572540
72827,8572540
88529,8572540
72141,8572540
72587,8572540
72829,8572540
72531,8572540
72820,8572540
72805,8572540
72813,8572540
72525,8572540
72411,8582000
72135,8582000
72144,8582000
72810,8582000
72145,8582000
72138,8582000
72127,8582000
72116,8582000
72147,8582000
72131,8582000
72108,8582000
72070,8582000
72119,8582000
72149,8582000
72181,8582000
72406,8582000
72393,8582000
72415,8582000
72379,8582000
72417,8582000
72414,8582000
89073,8575380
89604,8575380
89605,8575380
89174,8575380
73340,8575380
89176,8575380
89177,8575380
89179,8575380
89180,8575380
89182,8575380
89143,8575380
89177,8575380
89183,8575380
89165,8575380
89160,8575380
89584,8575380
88499,8575380
89607,8575380
89155,8575380
89608,8575380
89613,8575380
89597,8575380
89183,8575380
89185,8575380
89186,8575380
89150,8575380
89129,8575380
89584,8575380
89173,8575380
89188,8575380
89597,8575380
89189,8575380
89191,8575380
89129,8575380
89610,8575380
89611,8575380
89613,8575380
89129,8575380
89614,8575380
89192,8575380
89611,8575380
89616,8575380
89601,8575380
89194,8575380
89129,8575380
89617,8575380
89619,8575380
89597,8575380
89197,8575380
72589,8575380
89198,8575380
89171,8575380
89195,8575380
72535,8575380
88481,8575380
89134,8575380
88480,8579120
88422,8579120
88348,8579120
88499,8579120
88448,8579120
88422,8579120
88427,8579120
88450,8579120
88422,8579120
88400,8579120
88483,8579120
88451,8579120
88525,8579120
88422,8579120
88436,8579120
88416,8579120
88453,8579120
88521,8579120
88454,8579120
88456,8579120
88422,8579120
88486,8579120
88457,8579120
88515,8579120
88471,8579120
88437,8579120
88487,8579120
88441,8579120
88422,8579120
88416,8579120
88422,8579120
88499,8579120
88430,8579120
88477,8579120
88422,8579120
88416,8579120
88459,8579120
88422,8579120
88444,8579120
88527,8579120
88524,8579120
88489,8579120
88447,8579120
88433,8579120
88484,8579120
88317,8579120
88319,8579120
88410,8579120
88353,8579120
88697,8615360
88718,8615360
88097,8615360
88699,8615360
88045,8615360
88709,8615360
88633,8615360
88090,8615360
88079,8615360
88085,8615360
88677,8615360
88074,8615360
88709,8615360
88099,8615360
88094,8615360
88696,8615360
88682,8615360
78354,8615360
88719,8615360
88069,8615360
88662,8615360
88690,8615360
88693,8615360
88636,8615360
88630,8615360
88639,8615360
88634,8615360
88147,8577880
88361,8577880
88279,8577880
88326,8577880
88339,8577880
88255,8577880
88255,8577880
88276,8577880
88368,8577880
88285,8577880
88361,8577880
88370,8577880
88361,8577880
88373,8577880
88287,8577880
88379,8577880
88374,8577880
88316,8577880
88376,8577880
88299,8577880
88212,8577880
88377,8577880
88281,8577880
88379,8577880
88267,8577880
88289,8577880
88239,8577880
88250,8577880
88271,8577880
88364,8577880
88284,8577880
88371,8577880
88260,8577880
88263,8577880
88273,8577880
66111,8578280
66352,8578280
66271,8578280
66346,8578280
66292,8578280
66333,8578280
66701,8577540
66679,8577540
66663,8577540
66693,8577540
66706,8577540
66687,8577540
66709,8577540
66763,8577540
66809,8577540
66780,8577540
66740,8577540
66793,8577540
66773,8577540
66802,8577540
66787,8577540
66798,8577540
66359,8577540
66806,8577540
66265,8633140
66571,8633140
66557,8633140
66589,8633140
66564,8633140
66578,8633140
66822,8633140
66839,8633140
66629,8633140
66646,8633140
66640,8633140
66625,8633140
66620,8633140
66649,8633140
66606,8633140
66636,8633140
66299,8612520
66287,8612520
66280,8612520
66538,8612520
66583,8612520
66450,8612520
66440,8612520
66453,8612520
66424,8612520
66459,8612520
66399,8612520
66386,8612520
